
-- 以下是723完成 北京的新人免单

SELECT * from sm_image_link WHERE link_name like '%女性大牌%'  ORDER BY link_id DESC;


SELECT * from am_act_item ORDER BY item_id DESC;

SELECT * from am_stat_info;

-- UPDATE am_stat_info set other_str1 =  '{"itemImageR":"http://imgstore.camore.cn/icon/act/ashacker/180615/60减20.jpg"}' 
-- SELECT * from am_stat_info
 WHERE item_name = '每满60减20' ORDER BY stat_id DESC;



-- UPDATE am_stat_info set other_str1 =  '{"itemImageR":"http://imgstore.camore.cn/icon/act/ashacker/180615/58减8.jpg"}' 
-- SELECT * from am_stat_info
 WHERE item_name = '每满58减8' ORDER BY stat_id DESC;


{"itemImageR":"http://imgstore.camore.cn/icon/act/ashacker/180615/60减20.jpg"}

{"itemImageR":"http://imgstore.camore.cn/icon/act/ashacker/180615/58减8.jpg"}
-- 以下是719完成 天一的满减

/*
INSERT INTO `medstore`.`am_act_info` (`act_id`, `act_name`, `act_type`, `act_status`, `act_content`, `act_update_time`, `act_create_time`, `act_start_time`, `act_end_time`, `act_level`, `act_remark`, `act_img`, `act_url`, `pharmacy_id`) VALUES ('178', '天一满减活动长期', 'date', '1', '打折促销', '2018-07-18 16:23:20', '2018-05-17 15:56:04', '2017-05-15 00:00:00', '2019-06-03 23:59:59', '1', '1', '', '', '200');


INSERT INTO `medstore`.`am_act_item` (`item_id`, `item_attr`, `item_name`, `act_id`, `item_status`, `item_priority`, `item_type`, `item_desc`, `item_update_time`, `item_create_time`, `item_remark`, `item_img`, `pharmacy_id`, `item_flag`, `sales_goto_type`, `sales_goto_title`, `sales_goto_url`, `item_num`, `item_title`) VALUES ('1076', 'multi', '满120减40', '178', '1', '120', 'nothing', '满120元减40元', '2018-06-05 16:49:46', '2018-05-17 17:46:31', '', '', '200', '', '', '', '', '50', '');
INSERT INTO `medstore`.`am_act_item` (`item_id`, `item_attr`, `item_name`, `act_id`, `item_status`, `item_priority`, `item_type`, `item_desc`, `item_update_time`, `item_create_time`, `item_remark`, `item_img`, `pharmacy_id`, `item_flag`, `sales_goto_type`, `sales_goto_title`, `sales_goto_url`, `item_num`, `item_title`) VALUES ('1075', 'multi', '每满60减20', '178', '1', '120', 'cut', '每满60减20元', '2018-07-18 16:26:02', '2018-05-17 17:46:31', '{\"itemLogoR\":\"http://imgstore.camore.cn/icon/act/ashacker/180515/mj.png\"}', '', '200', '', '', '', '', '60', '');
INSERT INTO `medstore`.`am_act_item` (`item_id`, `item_attr`, `item_name`, `act_id`, `item_status`, `item_priority`, `item_type`, `item_desc`, `item_update_time`, `item_create_time`, `item_remark`, `item_img`, `pharmacy_id`, `item_flag`, `sales_goto_type`, `sales_goto_title`, `sales_goto_url`, `item_num`, `item_title`) VALUES ('1074', 'multi', '满38减10', '178', '1', '119', 'cut', '满38减10', '2018-07-18 16:26:07', '2018-07-15 17:46:31', '', '', '200', '', '', '', '', '90', '');
INSERT INTO `medstore`.`am_act_item` (`item_id`, `item_attr`, `item_name`, `act_id`, `item_status`, `item_priority`, `item_type`, `item_desc`, `item_update_time`, `item_create_time`, `item_remark`, `item_img`, `pharmacy_id`, `item_flag`, `sales_goto_type`, `sales_goto_title`, `sales_goto_url`, `item_num`, `item_title`) VALUES ('1073', 'multi', '满116减16', '178', '1', '120', 'nothing', '满116元减16元', '2018-06-05 16:49:51', '2018-05-17 17:46:31', '', '', '200', '', '', '', '', '50', '');
INSERT INTO `medstore`.`am_act_item` (`item_id`, `item_attr`, `item_name`, `act_id`, `item_status`, `item_priority`, `item_type`, `item_desc`, `item_update_time`, `item_create_time`, `item_remark`, `item_img`, `pharmacy_id`, `item_flag`, `sales_goto_type`, `sales_goto_title`, `sales_goto_url`, `item_num`, `item_title`) VALUES ('1072', 'multi', '每满58减8', '178', '1', '120', 'cut', '每满58减8元，最高减100\r\n', '2018-07-17 09:52:24', '2018-05-17 17:46:31', '{\"itemLogoR\":\"http://imgstore.camore.cn/icon/act/ashacker/180515/mj.png\"}', '', '200', '', '', '', '', '60', '');
INSERT INTO `medstore`.`am_act_item` (`item_id`, `item_attr`, `item_name`, `act_id`, `item_status`, `item_priority`, `item_type`, `item_desc`, `item_update_time`, `item_create_time`, `item_remark`, `item_img`, `pharmacy_id`, `item_flag`, `sales_goto_type`, `sales_goto_title`, `sales_goto_url`, `item_num`, `item_title`) VALUES ('1071', 'multi', '满38减5', '178', '1', '119', 'cut', '满38减5', '2018-07-18 16:24:50', '2018-07-15 17:46:31', '', '', '200', '', '', '', '', '90', '');





INSERT INTO `medstore`.`am_item_range` (`link_id`, `range_id`, `item_id`) VALUES ('1567', '1250', '1076');
INSERT INTO `medstore`.`am_item_range` (`link_id`, `range_id`, `item_id`) VALUES ('1568', '1250', '1075');
INSERT INTO `medstore`.`am_item_range` (`link_id`, `range_id`, `item_id`) VALUES ('1569', '1250', '1074');
INSERT INTO `medstore`.`am_item_range` (`link_id`, `range_id`, `item_id`) VALUES ('1570', '1249', '1073');
INSERT INTO `medstore`.`am_item_range` (`link_id`, `range_id`, `item_id`) VALUES ('1571', '1249', '1072');
INSERT INTO `medstore`.`am_item_range` (`link_id`, `range_id`, `item_id`) VALUES ('1572', '1249', '1071');

INSERT INTO `medstore`.`am_item_details` (`details_id`, `details_level`, `item_id`, `details_type`, `details_val_type`, `details_value`, `details_update_time`, `details_create_time`, `details_remark`, `details_content`) VALUES ('904', '6', '1075', 'cut', 'number', '10000', '2018-06-06 16:28:43', '2018-06-06 11:32:08', '每满60减20元', '满60元减20元');
INSERT INTO `medstore`.`am_item_details` (`details_id`, `details_level`, `item_id`, `details_type`, `details_val_type`, `details_value`, `details_update_time`, `details_create_time`, `details_remark`, `details_content`) VALUES ('903', '5', '1075', 'cut', 'number', '8000', '2018-07-18 17:07:20', '2018-05-29 17:16:54', '每满60减20元', '满60元减20元');
INSERT INTO `medstore`.`am_item_details` (`details_id`, `details_level`, `item_id`, `details_type`, `details_val_type`, `details_value`, `details_update_time`, `details_create_time`, `details_remark`, `details_content`) VALUES ('898', '4', '1075', 'cut', 'number', '6000', '2018-07-18 17:07:17', '2018-06-06 11:31:52', '每满60减20元', '满60元减20元');
INSERT INTO `medstore`.`am_item_details` (`details_id`, `details_level`, `item_id`, `details_type`, `details_val_type`, `details_value`, `details_update_time`, `details_create_time`, `details_remark`, `details_content`) VALUES ('897', '3', '1075', 'cut', 'number', '4000', '2018-07-18 17:07:16', '2018-05-29 17:16:57', '每满60减20元', '满60元减20元');
INSERT INTO `medstore`.`am_item_details` (`details_id`, `details_level`, `item_id`, `details_type`, `details_val_type`, `details_value`, `details_update_time`, `details_create_time`, `details_remark`, `details_content`) VALUES ('896', '2', '1075', 'cut', 'number', '2000', '2018-07-18 17:07:14', '2018-05-29 17:17:00', '每满60减20元', '满60元减20元');
INSERT INTO `medstore`.`am_item_details` (`details_id`, `details_level`, `item_id`, `details_type`, `details_val_type`, `details_value`, `details_update_time`, `details_create_time`, `details_remark`, `details_content`) VALUES ('895', '1', '1075', 'cut', 'number', '1000', '2018-07-18 17:05:43', '2018-07-16 16:45:36', '满38减10', '满38减10');
INSERT INTO `medstore`.`am_item_details` (`details_id`, `details_level`, `item_id`, `details_type`, `details_val_type`, `details_value`, `details_update_time`, `details_create_time`, `details_remark`, `details_content`) VALUES ('894', '14', '1072', 'cut', 'number', '10000', '2018-07-16 16:55:01', '2018-06-06 11:13:10', '每满58减8元，最高减100', '满58元减8元');
INSERT INTO `medstore`.`am_item_details` (`details_id`, `details_level`, `item_id`, `details_type`, `details_val_type`, `details_value`, `details_update_time`, `details_create_time`, `details_remark`, `details_content`) VALUES ('893', '13', '1072', 'cut', 'number', '9600', '2018-07-16 16:55:01', '2018-06-06 11:13:10', '每满58减8元，最高减100', '满58元减8元');
INSERT INTO `medstore`.`am_item_details` (`details_id`, `details_level`, `item_id`, `details_type`, `details_val_type`, `details_value`, `details_update_time`, `details_create_time`, `details_remark`, `details_content`) VALUES ('892', '12', '1072', 'cut', 'number', '8800', '2018-07-16 16:55:01', '2018-06-06 11:13:10', '每满58减8元，最高减100', '满58元减8元');
INSERT INTO `medstore`.`am_item_details` (`details_id`, `details_level`, `item_id`, `details_type`, `details_val_type`, `details_value`, `details_update_time`, `details_create_time`, `details_remark`, `details_content`) VALUES ('891', '11', '1072', 'cut', 'number', '8000', '2018-07-16 16:55:01', '2018-06-06 11:13:10', '每满58减8元，最高减100', '满58元减8元');
INSERT INTO `medstore`.`am_item_details` (`details_id`, `details_level`, `item_id`, `details_type`, `details_val_type`, `details_value`, `details_update_time`, `details_create_time`, `details_remark`, `details_content`) VALUES ('890', '10', '1072', 'cut', 'number', '7200', '2018-07-16 16:55:01', '2018-06-06 11:13:10', '每满58减8元，最高减100', '满58元减8元');
INSERT INTO `medstore`.`am_item_details` (`details_id`, `details_level`, `item_id`, `details_type`, `details_val_type`, `details_value`, `details_update_time`, `details_create_time`, `details_remark`, `details_content`) VALUES ('889', '9', '1072', 'cut', 'number', '6400', '2018-07-16 16:55:01', '2018-06-06 11:13:10', '每满58减8元，最高减100', '满58元减8元');
INSERT INTO `medstore`.`am_item_details` (`details_id`, `details_level`, `item_id`, `details_type`, `details_val_type`, `details_value`, `details_update_time`, `details_create_time`, `details_remark`, `details_content`) VALUES ('888', '8', '1072', 'cut', 'number', '5600', '2018-07-16 16:55:01', '2018-06-06 11:13:10', '每满58减8元，最高减100', '满58元减8元');
INSERT INTO `medstore`.`am_item_details` (`details_id`, `details_level`, `item_id`, `details_type`, `details_val_type`, `details_value`, `details_update_time`, `details_create_time`, `details_remark`, `details_content`) VALUES ('887', '7', '1072', 'cut', 'number', '4800', '2018-07-16 16:55:01', '2018-06-06 11:13:10', '每满58减8元，最高减100', '满58元减8元');
INSERT INTO `medstore`.`am_item_details` (`details_id`, `details_level`, `item_id`, `details_type`, `details_val_type`, `details_value`, `details_update_time`, `details_create_time`, `details_remark`, `details_content`) VALUES ('886', '6', '1072', 'cut', 'number', '4000', '2018-07-16 16:55:01', '2018-06-06 11:13:10', '每满58减8元，最高减100', '满58元减8元');
INSERT INTO `medstore`.`am_item_details` (`details_id`, `details_level`, `item_id`, `details_type`, `details_val_type`, `details_value`, `details_update_time`, `details_create_time`, `details_remark`, `details_content`) VALUES ('885', '5', '1072', 'cut', 'number', '3200', '2018-07-16 16:55:01', '2018-05-29 17:14:23', '每满58减8元，最高减100', '满58元减8元');
INSERT INTO `medstore`.`am_item_details` (`details_id`, `details_level`, `item_id`, `details_type`, `details_val_type`, `details_value`, `details_update_time`, `details_create_time`, `details_remark`, `details_content`) VALUES ('884', '4', '1072', 'cut', 'number', '2400', '2018-07-16 16:55:01', '2018-06-06 11:13:10', '每满58减8元，最高减100', '满58元减8元');
INSERT INTO `medstore`.`am_item_details` (`details_id`, `details_level`, `item_id`, `details_type`, `details_val_type`, `details_value`, `details_update_time`, `details_create_time`, `details_remark`, `details_content`) VALUES ('883', '3', '1072', 'cut', 'number', '1600', '2018-07-16 17:58:21', '2018-05-29 17:15:17', '每满58减8元，最高减100', '满58元减8元');
INSERT INTO `medstore`.`am_item_details` (`details_id`, `details_level`, `item_id`, `details_type`, `details_val_type`, `details_value`, `details_update_time`, `details_create_time`, `details_remark`, `details_content`) VALUES ('882', '2', '1072', 'cut', 'number', '800', '2018-07-16 16:55:01', '2018-05-29 17:16:29', '每满58减8元，最高减100', '满58元减8元');
INSERT INTO `medstore`.`am_item_details` (`details_id`, `details_level`, `item_id`, `details_type`, `details_val_type`, `details_value`, `details_update_time`, `details_create_time`, `details_remark`, `details_content`) VALUES ('881', '1', '1072', 'cut', 'number', '500', '2018-07-16 16:55:25', '2018-07-16 15:46:09', '满38减5', '满38减5');



*/

-- 58-8
-- INSERT INTO `medstore`.`am_details_rule` ( `details_id`, `rule_id`)
-- VALUES ('11', '15', '10');
SELECT details_id,CASE WHEN details_value = 3200 then 42
WHEN details_value = 1600 then 41
WHEN details_value = 800 then 39

WHEN details_value = 8000 then 44
WHEN details_value = 4000 then 43
WHEN details_value = 2000 then 40
else null
end 
-- ,a.*
from  am_item_details  a 
WHERE details_id  >=427 ;


-- INSERT INTO `medstore`.`am_details_rule` ( `details_id`, `rule_id`)
-- VALUES ('11', '15', '10');
SELECT 
-- details_id,CASE 
-- WHEN details_value = 4800 then 49 -- 29000
-- WHEN details_value = 4800 then 49 -- 29000
-- WHEN details_value = 4800 then 49 -- 29000
-- WHEN details_value = 4800 then 49 -- 29000
-- 
-- WHEN details_value = 4800 then 49 -- 29000
-- WHEN details_value = 3200 then 42 -- 23200
-- WHEN details_value = 2400 then 47 -- 17400
-- WHEN details_value = 1600 then 41 -- 11600
-- WHEN details_value = 800 then 39  -- 5800
-- 
-- WHEN details_value = 8000 then 44
-- WHEN details_value = 4000 then 43
-- WHEN details_value = 2000 then 40
-- 
-- WHEN details_value = 500 then 20
-- WHEN details_value = 1000 then 20
-- else null
-- end 
--  ,
/*
20	500
39	800
41	1600
47	2400
42	3200
49	4000
50	4800
51	5600
52	6400
53	7200
54	8000
55	8800
56	9600
57	10000
20	1000
40	2000
43	4000
60	6000
44	8000
62	10000
*/

-- INSERT INTO `medstore`.`am_details_rule` ( `details_id`, `rule_id`)
SELECT
a.details_id,b.rule_id
-- ,a.*,a2.*,b.*
from  am_item_details  a LEFT JOIN   am_item_details  a2 on 
 a.details_level = a2.details_level and 
 a2.item_id in  (960,980) and 
 a.details_remark = a2.details_remark

LEFT JOIN am_details_rule b on a2.details_id = b.details_id
WHERE a.details_id  >=881 
ORDER BY a.details_id;


-- SELECT * from pm_sku_dir 

-- INSERT INTO `medstore`.`pm_sku_dir` (  `dir_id`, `sku_id`, `dir_code`, `sku_order`, `update_time`, `sku_sort`, `sku_rank`)
-- VALUES ('3', '200011', '102152', 'zxyp010104', '2', '2018-06-14 11:48:01', '0', '0');
SELECT CASE WHEN a.满减形式2 = '每满60减20' then '1000046257'
WHEN a.满减形式2 = '每满58减8' then '1000046256'
else null end 
,a.SKU_ID 
,CASE WHEN a.满减形式2 = '每满60减20' then '200act3760_20'
WHEN a.满减形式2 = '每满58减8' then '200act3758_8'
else null end 
,a.序号
,NOW()
,'0'
, '0'
-- ,a.*
FROM as_test.718_ty_mj_58_60 a ;

SELECT * from sm_config;


SELECT * from pm_dir_info ORDER BY dir_id DESC limit 100;

SELECT * FROM as_test.718_ty_mj_58_60 a 
1000046257	200act3760_20	每满60减20
1000046256	200act3758_8	每满58减8

SELECT * from am_item_details ORDER BY details_id DESC;

SELECT * from am_item_details WHERE item_id in (1072,1075) ORDER BY details_id;


SELECT * from am_item_details WHERE item_id = 960 ORDER BY details_level;

SELECT * from am_item_details WHERE item_id = 980 ORDER BY details_level;
980

SELECT * from pm_dir_info 
WHERE dir_id BETWEEN 1000044957 and 1000044984
ORDER BY dir_id DESC;


SELECT * from pm_dir_info 
WHERE dir_code like '%act37%'
ORDER BY dir_id DESC;


SELECT * from am_item_range WHERE item_id
in (957,960,992)
-- BETWEEN 957 and 992 
 ORDER BY item_id DESC;











-- 以下是717完成 北京的满减修改
;
-- INSERT INTO `medstore`.`am_item_details` ( `details_level`, `item_id`, `details_type`, `details_val_type`, `details_value`, `details_update_time`, `details_create_time`, `details_remark`, `details_content`)
-- VALUES ('664', '13', '972', 'cut', 'number', '10000', '2018-06-06 16:28:20', '2018-06-06 11:13:10', '每满58减8元，最高减100', '满58元减8元');

SELECT 0 as `details_level`, `item_id`, `details_type`, `details_val_type`
,500 as `details_value`
,NOW() `details_update_time`
,NOW() `details_create_time`
,'满38减5' as `details_remark`
,'满38减5' `details_content`
 from am_item_details
WHERE details_id BETWEEN 652 and 664
--  ORDER BY details_id DESC;

-- INSERT INTO `medstore`.`am_item_details` ( `details_level`, `item_id`, `details_type`, `details_val_type`, `details_value`, `details_update_time`, `details_create_time`, `details_remark`, `details_content`)

SELECT 1 as `details_level`, `item_id`, `details_type`, `details_val_type`
,1000 as `details_value`
,NOW() `details_update_time`
,NOW() `details_create_time`
,'满38减10' as `details_remark`
,'满38减10' `details_content`
 from am_item_details
WHERE details_id BETWEEN   667 and 679
-- 975 and 987

-- 58-8
-- INSERT INTO `medstore`.`am_details_rule` ( `details_id`, `rule_id`)
-- VALUES ('11', '15', '10');
SELECT details_id,CASE WHEN details_value = 3200 then 42
WHEN details_value = 1600 then 41
WHEN details_value = 800 then 39

WHEN details_value = 8000 then 44
WHEN details_value = 4000 then 43
WHEN details_value = 2000 then 40
WHEN details_value = 500 then 37
else null
end 
-- ,a.*
from  am_item_details  a 
WHERE details_id  >=851 ;


-- INSERT INTO `medstore`.`am_details_rule` ( `details_id`, `rule_id`)
-- VALUES ('11', '15', '10');
SELECT details_id,CASE WHEN details_value = 3200 then 42
WHEN details_value = 1600 then 41
WHEN details_value = 800 then 39

WHEN details_value = 8000 then 44
WHEN details_value = 4000 then 43
WHEN details_value = 2000 then 40
WHEN details_value = 500 then 37
WHEN details_value = 1000 then 37
else null
end 
-- ,a.*
from  am_item_details  a 
WHERE details_id  >=864 ;

SELECT * from pm_dir_info WHERE dir_id >=1000044957

SELECT * from sm_config;

SELECT * from am_stat_info ORDER BY stat_id DESC;

-- UPDATE am_stat_info set item_type = 'nothing'  WHERE item_name = '满38减10'
-- 
-- UPDATE am_stat_info set item_type = 'nothing'  WHERE item_name = '满38减5'

UPDATE am_stat_info set item_type = 'cut'  WHERE item_name = '满38减10';

UPDATE am_stat_info set item_type = 'cut'  WHERE item_name = '满38减5';

-- DELETE from am_stat_info WHERE item_name = '满38减5'
UPDATE am_stat_info set item_name = '每满58减8'  WHERE item_name = '满58减8'
UPDATE am_stat_info set item_name = '每满60减20'  WHERE item_name = '满60减20'

UPDATE am_stat_info set item_name = '满38减55'  WHERE item_name = '每满58减8';
UPDATE am_stat_info set item_name = '每满58减8' -- ,item_type = 'nothing' 
 WHERE item_name = '满38减5';
UPDATE am_stat_info set item_name = '满38减5'  WHERE item_name = '满38减55';

UPDATE am_stat_info set item_remark = '每满58减8，最高减100'  WHERE item_remark = '每满58减8元，最高减100';
每满58减8，最高减100
-- UPDATE am_stat_info set item_name = '每满60减20'  WHERE item_name = '满60减20'

UPDATE am_stat_info set item_name = '满38减5'  WHERE item_name = '满38减8'


SELECT a.* from am_stat_info a LEFT JOIN pm_prod_sku b on a.sku_id = b.sku_id WHERE item_name = '满38减5'  and a.sku_id = 20122851

SELECT * from am_stat_info WHERE item_name = '满38减8'
SELECT * from am_stat_info WHERE item_name = '每满58减8' -- and sku_id = 20122851 -- item_name = '满58减8'
SELECT * from am_stat_info WHERE item_name = '满60减20'

SELECT * from am_item_range WHERE range_id=1069;

 INSERT INTO `medstore`.`am_act_item` (`item_id`, `item_attr`, `item_name`, `act_id`, `item_status`, `item_priority`, `item_type`, `item_desc`, `item_update_time`, `item_create_time`, `item_remark`, `item_img`, `pharmacy_id`, `item_flag`, `sales_goto_type`, `sales_goto_title`, `sales_goto_url`, `item_num`, `item_title`) VALUES ('957', 'multi', '满38减5', '172', '1', '120', 'cut', '满38减5', '2018-07-15 16:49:51', '2018-07-15 17:46:31', '', '', '162', '', '', '', '', '40', '');
 INSERT INTO `medstore`.`am_act_item` (`item_id`, `item_attr`, `item_name`, `act_id`, `item_status`, `item_priority`, `item_type`, `item_desc`, `item_update_time`, `item_create_time`, `item_remark`, `item_img`, `pharmacy_id`, `item_flag`, `sales_goto_type`, `sales_goto_title`, `sales_goto_url`, `item_num`, `item_title`) VALUES ('958', 'multi', '满38减10', '172', '1', '120', 'cut', '满38减10', '2018-07-15 16:49:46', '2018-07-15 17:46:31', '', '', '162', '', '', '', '', '40', '');


SELECT * FROM am_act_item -- WHERE act_id in (168,169)
 ORDER BY `item_id` DESC; 



-- INSERT INTO `medstore`.`am_item_range` ( `range_id`, `item_id`) 
-- VALUES ('1377', '1069', '992');

SELECT range_id,
CASE WHEN item_id = 991 then 958  -- 60
WHEN item_id = 992 then 957 -- 58

else null
end  from am_item_range WHERE item_id in (992,991);

UPDATE  am_item_details set details_level = details_level+1 WHERE details_remark  = '每满58减8元，最高减100'

UPDATE  am_item_details set details_level = details_level+1 WHERE details_remark  = '每满60减20元'


SELECT *
from  am_item_details  
WHERE details_remark  = '每满58减8元，最高减100';


SELECT * from am_item_details WHERE    item_id in (992,991);


INSERT INTO `medstore`.`am_details_rule` (`link_id`, `details_id`, `rule_id`) VALUES ('837', '878', '37');
INSERT INTO `medstore`.`am_details_rule` (`link_id`, `details_id`, `rule_id`) VALUES ('836', '877', '37');
INSERT INTO `medstore`.`am_details_rule` (`link_id`, `details_id`, `rule_id`) VALUES ('835', '876', '37');
INSERT INTO `medstore`.`am_details_rule` (`link_id`, `details_id`, `rule_id`) VALUES ('834', '875', '37');
INSERT INTO `medstore`.`am_details_rule` (`link_id`, `details_id`, `rule_id`) VALUES ('833', '874', '37');
INSERT INTO `medstore`.`am_details_rule` (`link_id`, `details_id`, `rule_id`) VALUES ('832', '873', '37');
INSERT INTO `medstore`.`am_details_rule` (`link_id`, `details_id`, `rule_id`) VALUES ('831', '872', '37');
INSERT INTO `medstore`.`am_details_rule` (`link_id`, `details_id`, `rule_id`) VALUES ('830', '871', '37');
INSERT INTO `medstore`.`am_details_rule` (`link_id`, `details_id`, `rule_id`) VALUES ('829', '870', '37');
INSERT INTO `medstore`.`am_details_rule` (`link_id`, `details_id`, `rule_id`) VALUES ('828', '869', '37');
INSERT INTO `medstore`.`am_details_rule` (`link_id`, `details_id`, `rule_id`) VALUES ('827', '868', '37');
INSERT INTO `medstore`.`am_details_rule` (`link_id`, `details_id`, `rule_id`) VALUES ('826', '867', '37');
INSERT INTO `medstore`.`am_details_rule` (`link_id`, `details_id`, `rule_id`) VALUES ('825', '866', '37');
INSERT INTO `medstore`.`am_details_rule` (`link_id`, `details_id`, `rule_id`) VALUES ('822', '863', '37');
INSERT INTO `medstore`.`am_details_rule` (`link_id`, `details_id`, `rule_id`) VALUES ('821', '862', '37');
INSERT INTO `medstore`.`am_details_rule` (`link_id`, `details_id`, `rule_id`) VALUES ('820', '861', '37');
INSERT INTO `medstore`.`am_details_rule` (`link_id`, `details_id`, `rule_id`) VALUES ('819', '860', '37');
INSERT INTO `medstore`.`am_details_rule` (`link_id`, `details_id`, `rule_id`) VALUES ('818', '859', '37');
INSERT INTO `medstore`.`am_details_rule` (`link_id`, `details_id`, `rule_id`) VALUES ('817', '858', '37');
INSERT INTO `medstore`.`am_details_rule` (`link_id`, `details_id`, `rule_id`) VALUES ('816', '857', '37');
INSERT INTO `medstore`.`am_details_rule` (`link_id`, `details_id`, `rule_id`) VALUES ('815', '856', '37');
INSERT INTO `medstore`.`am_details_rule` (`link_id`, `details_id`, `rule_id`) VALUES ('814', '855', '37');
INSERT INTO `medstore`.`am_details_rule` (`link_id`, `details_id`, `rule_id`) VALUES ('813', '854', '37');
INSERT INTO `medstore`.`am_details_rule` (`link_id`, `details_id`, `rule_id`) VALUES ('812', '853', '37');
INSERT INTO `medstore`.`am_details_rule` (`link_id`, `details_id`, `rule_id`) VALUES ('811', '852', '37');
INSERT INTO `medstore`.`am_details_rule` (`link_id`, `details_id`, `rule_id`) VALUES ('810', '851', '37');






INSERT INTO `medstore`.`am_item_details` (`details_id`, `details_level`, `item_id`, `details_type`, `details_val_type`, `details_value`, `details_update_time`, `details_create_time`, `details_remark`, `details_content`) VALUES ('878', '1', '987', 'cut', 'number', '1000', '2018-07-16 16:45:36', '2018-07-16 16:45:36', '满38减10', '满38减10');
INSERT INTO `medstore`.`am_item_details` (`details_id`, `details_level`, `item_id`, `details_type`, `details_val_type`, `details_value`, `details_update_time`, `details_create_time`, `details_remark`, `details_content`) VALUES ('877', '1', '986', 'cut', 'number', '1000', '2018-07-16 16:45:36', '2018-07-16 16:45:36', '满38减10', '满38减10');
INSERT INTO `medstore`.`am_item_details` (`details_id`, `details_level`, `item_id`, `details_type`, `details_val_type`, `details_value`, `details_update_time`, `details_create_time`, `details_remark`, `details_content`) VALUES ('876', '1', '985', 'cut', 'number', '1000', '2018-07-16 16:45:36', '2018-07-16 16:45:36', '满38减10', '满38减10');
INSERT INTO `medstore`.`am_item_details` (`details_id`, `details_level`, `item_id`, `details_type`, `details_val_type`, `details_value`, `details_update_time`, `details_create_time`, `details_remark`, `details_content`) VALUES ('875', '1', '984', 'cut', 'number', '1000', '2018-07-16 16:45:36', '2018-07-16 16:45:36', '满38减10', '满38减10');
INSERT INTO `medstore`.`am_item_details` (`details_id`, `details_level`, `item_id`, `details_type`, `details_val_type`, `details_value`, `details_update_time`, `details_create_time`, `details_remark`, `details_content`) VALUES ('874', '1', '983', 'cut', 'number', '1000', '2018-07-16 16:45:36', '2018-07-16 16:45:36', '满38减10', '满38减10');
INSERT INTO `medstore`.`am_item_details` (`details_id`, `details_level`, `item_id`, `details_type`, `details_val_type`, `details_value`, `details_update_time`, `details_create_time`, `details_remark`, `details_content`) VALUES ('873', '1', '982', 'cut', 'number', '1000', '2018-07-16 16:45:36', '2018-07-16 16:45:36', '满38减10', '满38减10');
INSERT INTO `medstore`.`am_item_details` (`details_id`, `details_level`, `item_id`, `details_type`, `details_val_type`, `details_value`, `details_update_time`, `details_create_time`, `details_remark`, `details_content`) VALUES ('872', '1', '981', 'cut', 'number', '1000', '2018-07-16 16:45:36', '2018-07-16 16:45:36', '满38减10', '满38减10');
INSERT INTO `medstore`.`am_item_details` (`details_id`, `details_level`, `item_id`, `details_type`, `details_val_type`, `details_value`, `details_update_time`, `details_create_time`, `details_remark`, `details_content`) VALUES ('871', '1', '980', 'cut', 'number', '1000', '2018-07-16 16:45:36', '2018-07-16 16:45:36', '满38减10', '满38减10');
INSERT INTO `medstore`.`am_item_details` (`details_id`, `details_level`, `item_id`, `details_type`, `details_val_type`, `details_value`, `details_update_time`, `details_create_time`, `details_remark`, `details_content`) VALUES ('870', '1', '979', 'cut', 'number', '1000', '2018-07-16 16:45:36', '2018-07-16 16:45:36', '满38减10', '满38减10');
INSERT INTO `medstore`.`am_item_details` (`details_id`, `details_level`, `item_id`, `details_type`, `details_val_type`, `details_value`, `details_update_time`, `details_create_time`, `details_remark`, `details_content`) VALUES ('869', '1', '978', 'cut', 'number', '1000', '2018-07-16 16:45:36', '2018-07-16 16:45:36', '满38减10', '满38减10');
INSERT INTO `medstore`.`am_item_details` (`details_id`, `details_level`, `item_id`, `details_type`, `details_val_type`, `details_value`, `details_update_time`, `details_create_time`, `details_remark`, `details_content`) VALUES ('868', '1', '977', 'cut', 'number', '1000', '2018-07-16 16:45:36', '2018-07-16 16:45:36', '满38减10', '满38减10');
INSERT INTO `medstore`.`am_item_details` (`details_id`, `details_level`, `item_id`, `details_type`, `details_val_type`, `details_value`, `details_update_time`, `details_create_time`, `details_remark`, `details_content`) VALUES ('867', '1', '976', 'cut', 'number', '1000', '2018-07-16 16:45:36', '2018-07-16 16:45:36', '满38减10', '满38减10');
INSERT INTO `medstore`.`am_item_details` (`details_id`, `details_level`, `item_id`, `details_type`, `details_val_type`, `details_value`, `details_update_time`, `details_create_time`, `details_remark`, `details_content`) VALUES ('866', '1', '975', 'cut', 'number', '1000', '2018-07-16 16:45:36', '2018-07-16 16:45:36', '满38减10', '满38减10');
INSERT INTO `medstore`.`am_item_details` (`details_id`, `details_level`, `item_id`, `details_type`, `details_val_type`, `details_value`, `details_update_time`, `details_create_time`, `details_remark`, `details_content`) VALUES ('863', '1', '972', 'cut', 'number', '500', '2018-07-16 16:55:24', '2018-07-16 15:46:09', '满38减5', '满38减5');
INSERT INTO `medstore`.`am_item_details` (`details_id`, `details_level`, `item_id`, `details_type`, `details_val_type`, `details_value`, `details_update_time`, `details_create_time`, `details_remark`, `details_content`) VALUES ('862', '1', '971', 'cut', 'number', '500', '2018-07-16 16:55:24', '2018-07-16 15:46:09', '满38减5', '满38减5');
INSERT INTO `medstore`.`am_item_details` (`details_id`, `details_level`, `item_id`, `details_type`, `details_val_type`, `details_value`, `details_update_time`, `details_create_time`, `details_remark`, `details_content`) VALUES ('861', '1', '970', 'cut', 'number', '500', '2018-07-16 16:55:24', '2018-07-16 15:46:09', '满38减5', '满38减5');
INSERT INTO `medstore`.`am_item_details` (`details_id`, `details_level`, `item_id`, `details_type`, `details_val_type`, `details_value`, `details_update_time`, `details_create_time`, `details_remark`, `details_content`) VALUES ('860', '1', '969', 'cut', 'number', '500', '2018-07-16 16:55:24', '2018-07-16 15:46:09', '满38减5', '满38减5');
INSERT INTO `medstore`.`am_item_details` (`details_id`, `details_level`, `item_id`, `details_type`, `details_val_type`, `details_value`, `details_update_time`, `details_create_time`, `details_remark`, `details_content`) VALUES ('859', '1', '968', 'cut', 'number', '500', '2018-07-16 16:55:24', '2018-07-16 15:46:09', '满38减5', '满38减5');
INSERT INTO `medstore`.`am_item_details` (`details_id`, `details_level`, `item_id`, `details_type`, `details_val_type`, `details_value`, `details_update_time`, `details_create_time`, `details_remark`, `details_content`) VALUES ('858', '1', '967', 'cut', 'number', '500', '2018-07-16 16:55:24', '2018-07-16 15:46:09', '满38减5', '满38减5');
INSERT INTO `medstore`.`am_item_details` (`details_id`, `details_level`, `item_id`, `details_type`, `details_val_type`, `details_value`, `details_update_time`, `details_create_time`, `details_remark`, `details_content`) VALUES ('857', '1', '966', 'cut', 'number', '500', '2018-07-16 16:55:24', '2018-07-16 15:46:09', '满38减5', '满38减5');
INSERT INTO `medstore`.`am_item_details` (`details_id`, `details_level`, `item_id`, `details_type`, `details_val_type`, `details_value`, `details_update_time`, `details_create_time`, `details_remark`, `details_content`) VALUES ('856', '1', '965', 'cut', 'number', '500', '2018-07-16 16:55:25', '2018-07-16 15:46:09', '满38减5', '满38减5');
INSERT INTO `medstore`.`am_item_details` (`details_id`, `details_level`, `item_id`, `details_type`, `details_val_type`, `details_value`, `details_update_time`, `details_create_time`, `details_remark`, `details_content`) VALUES ('855', '1', '964', 'cut', 'number', '500', '2018-07-16 16:55:25', '2018-07-16 15:46:09', '满38减5', '满38减5');
INSERT INTO `medstore`.`am_item_details` (`details_id`, `details_level`, `item_id`, `details_type`, `details_val_type`, `details_value`, `details_update_time`, `details_create_time`, `details_remark`, `details_content`) VALUES ('854', '1', '963', 'cut', 'number', '500', '2018-07-16 16:55:25', '2018-07-16 15:46:09', '满38减5', '满38减5');
INSERT INTO `medstore`.`am_item_details` (`details_id`, `details_level`, `item_id`, `details_type`, `details_val_type`, `details_value`, `details_update_time`, `details_create_time`, `details_remark`, `details_content`) VALUES ('853', '1', '962', 'cut', 'number', '500', '2018-07-16 16:55:25', '2018-07-16 15:46:09', '满38减5', '满38减5');
INSERT INTO `medstore`.`am_item_details` (`details_id`, `details_level`, `item_id`, `details_type`, `details_val_type`, `details_value`, `details_update_time`, `details_create_time`, `details_remark`, `details_content`) VALUES ('852', '1', '961', 'cut', 'number', '500', '2018-07-16 16:55:25', '2018-07-16 15:46:09', '满38减5', '满38减5');
INSERT INTO `medstore`.`am_item_details` (`details_id`, `details_level`, `item_id`, `details_type`, `details_val_type`, `details_value`, `details_update_time`, `details_create_time`, `details_remark`, `details_content`) VALUES ('851', '1', '960', 'cut', 'number', '500', '2018-07-16 16:55:25', '2018-07-16 15:46:09', '满38减5', '满38减5');
